<?xml version="1.0" encoding="UTF-8"?>
<beans xmlns="http://www.springframework.org/schema/beans"
	xmlns:xsi="http://www.w3.org/2001/XMLSchema-instance" xmlns:p="http://www.springframework.org/schema/p"
	xmlns:context="http://www.springframework.org/schema/context"
	xmlns:mvc="http://www.springframework.org/schema/mvc" xmlns:tx="http://www.springframework.org/schema/tx"
	xsi:schemaLocation="http://www.springframework.org/schema/beans  
                        http://www.springframework.org/schema/beans/spring-beans-3.1.xsd  
                        http://www.springframework.org/schema/context  
                        http://www.springframework.org/schema/context/spring-context-3.1.xsd  
                        http://www.springframework.org/schema/mvc  
                        http://www.springframework.org/schema/mvc/spring-mvc-4.0.xsd
                        http://www.springframework.org/schema/tx
        				http://www.springframework.org/schema/tx/spring-tx.xsd">
	<!-- 引入配置文件 -->
	<bean id="propertyConfigurer"
		class="org.springframework.beans.factory.config.PropertyPlaceholderConfigurer">
		<property name="location" value="classpath:db.properties" />
	</bean>


	<!-- 数据源 -->
	<bean id="dataSource" class="org.apache.commons.dbcp2.BasicDataSource"
		p:driverClassName="${jdbc.driver}" 
		p:url="${jdbc.url}"
		p:username="${jdbc.username}" 
		p:password="${jdbc.password}" />
		
	<!-- SqlSessionFactory配置 -->
	<bean id="sqlSessionFactory" class="org.mybatis.spring.SqlSessionFactoryBean"
		p:dataSource-ref="dataSource" p:typeAliasesPackage="com.yc.mybatis.entity"
		p:mapperLocations="classpath:mapper/*Mapper.xml" />
	<!-- 自动构建mapper的实现对象 -->
	<bean class="org.mybatis.spring.mapper.MapperScannerConfigurer"
		p:basePackage="com.yc.mybatis.mapper" p:sqlSessionFactoryBeanName="sqlSessionFactory" />
		
		
	<!-- 1.配制事务管理器 -->
	<bean id="transactionManager"
		class="org.springframework.jdbc.datasource.DataSourceTransactionManager"
		p:dataSource-ref="dataSource" />
		
	<!-- 2.配制事务关联 -->
	<tx:annotation-driven transaction-manager="transactionManager" />
	

</beans>